ref_chrom	qry_contig	n	total_kb
scf00000002	SL_22	51	4179.6
scf00000002	S-latissima_F_contig778	3	173.1
scf00000002	S-latissima_F_contig727	3	152.7
scf00000002	S-latissima_F_contig1192	5	130
scf00000002	S-latissima_F_contig1184	2	129.2
scf00000002	S-latissima_F_contig1280	1	116.1
scf00000002	S-latissima_F_contig1350	1	103.2
scf00000002	S-latissima_F_contig1583	1	100.2
scf00000002	S-latissima_F_contig1822	3	83.5
scf00000002	S-latissima_F_contig1907	2	76.6
scf00000002	S-latissima_F_contig1627	3	76
scf00000002	S-latissima_F_contig1276	2	72.1
scf00000002	S-latissima_F_contig1833	1	70
scf00000002	S-latissima_F_contig2040	1	66.2
scf00000002	S-latissima_F_contig1953	1	62.2
scf00000002	S-latissima_F_contig2194	1	60.5
scf00000002	S-latissima_F_contig1894	2	55.7
scf00000002	S-latissima_F_contig2255	1	55.3
scf00000002	S-latissima_F_contig2240	2	54.9
scf00000002	S-latissima_F_contig2065	2	54.4
scf00000002	S-latissima_F_contig2114	1	51.4
scf00000002	S-latissima_F_contig2324	1	50.1
scf00000002	S-latissima_F_contig2130	1	50
scf00000002	S-latissima_F_contig2054	2	48.5
scf00000002	S-latissima_F_contig2388	2	46.4
scf00000002	S-latissima_F_contig1813	3	44.2
scf00000002	S-latissima_F_contig2480	1	43.4
scf00000002	S-latissima_F_contig2641	2	41
scf00000002	S-latissima_F_contig2695	1	35.8
scf00000002	S-latissima_F_contig2726	1	35.7
scf00000002	S-latissima_F_contig1884	1	35.6
scf00000002	S-latissima_F_contig2766	2	35.6
scf00000002	S-latissima_F_contig2745	1	32.1
scf00000002	S-latissima_F_contig2507	2	30.6
scf00000002	S-latissima_F_contig2459	1	29.6
scf00000002	S-latissima_F_contig2487	3	28.6
scf00000002	S-latissima_F_contig2880	2	26.6
scf00000002	S-latissima_F_contig2826	1	26
scf00000002	S-latissima_F_contig2455	1	25.9
scf00000002	S-latissima_F_contig3028	1	25.4
scf00000002	S-latissima_F_contig3191	1	24.7
scf00000002	S-latissima_F_contig2955	1	22.8
scf00000002	S-latissima_F_contig3057	1	21.9
scf00000002	S-latissima_F_contig2229	2	21
scf00000002	S-latissima_F_contig2374	1	20.3
scf00000002	S-latissima_F_contig1880	2	17.7
scf00000002	S-latissima_F_contig3416	1	17.3
scf00000002	S-latissima_F_contig2728	1	15.5
scf00000002	S-latissima_F_contig3277	1	13.8
scf00000002	S-latissima_F_contig3352	1	13.6
scf00000002	S-latissima_F_contig3744	1	13.2
scf00000002	S-latissima_F_contig3738	1	11.8
scf00000002	S-latissima_F_contig3318	1	10.9
scf00000002	S-latissima_F_contig3461	1	10.9
scf00000002	S-latissima_F_contig3913	1	10.9
scf00000002	S-latissima_F_contig3908	1	10.8
scf00000002	S-latissima_F_contig4023	1	9.5
scf00000002	S-latissima_F_contig3012	1	8.8
scf00000002	S-latissima_F_contig4017	1	8.8
scf00000002	S-latissima_F_contig3491	1	8.2
scf00000002	S-latissima_F_contig4129	1	8
scf00000002	S-latissima_F_contig3838	1	7.1
scf00000002	S-latissima_F_contig4022	1	5.6
scf00000002	S-latissima_F_contig3463	1	5.1
scf00000002	S-latissima_F_contig4374	1	3.7
scf00000003	SL_28	95	6761.4
scf00000003	S-latissima_F_contig869	2	188.6
scf00000003	S-latissima_F_contig725	3	187.5
scf00000003	S-latissima_F_contig1487	1	111.6
scf00000003	S-latissima_F_contig1773	2	83.6
scf00000003	S-latissima_F_contig1843	1	79.6
scf00000003	S-latissima_F_contig1931	1	76.8
scf00000003	S-latissima_F_contig1961	1	66.3
scf00000003	S-latissima_F_contig2115	1	63
scf00000003	S-latissima_F_contig1916	2	54.2
scf00000003	S-latissima_F_contig2535	1	45.4
scf00000003	S-latissima_F_contig2473	1	44.9
scf00000003	S-latissima_F_contig2504	1	39.6
scf00000003	S-latissima_F_contig2111	2	37.7
scf00000003	S-latissima_F_contig2738	1	34.8
scf00000003	S-latissima_F_contig2838	1	34.4
scf00000003	S-latissima_F_contig2859	1	28.7
scf00000003	S-latissima_F_contig2980	1	25.8
scf00000003	S-latissima_F_contig2724	1	25
scf00000003	S-latissima_F_contig3190	2	23.1
scf00000003	S-latissima_F_contig3627	1	14.9
scf00000003	S-latissima_F_contig3657	1	12.3
scf00000003	S-latissima_F_contig3351	1	10.4
scf00000003	S-latissima_F_contig3449	1	9.9
scf00000003	S-latissima_F_contig3933	1	9.1
scf00000003	S-latissima_F_contig4104	1	7.9
scf00000003	S-latissima_F_contig3754	1	7.6
scf00000003	S-latissima_F_contig4082	1	6.3
scf00000003	S-latissima_F_contig4239	1	6.2
scf00000003	S-latissima_F_contig3878	1	5.3
seq00000000	S-latissima_F_contig1	8	1187.1
seq00000000	S-latissima_F_contig117	7	492.9
seq00000000	S-latissima_F_contig174	3	361.7
seq00000000	S-latissima_F_contig293	1	359.3
seq00000000	S-latissima_F_contig350	5	287.1
seq00000000	S-latissima_F_contig389	2	280.1
seq00000000	S-latissima_F_contig371	3	235.6
seq00000000	S-latissima_F_contig574	3	232.2
seq00000000	S-latissima_F_contig644	1	219.4
seq00000000	S-latissima_F_contig556	3	216.7
seq00000000	S-latissima_F_contig773	2	198.1
seq00000000	S-latissima_F_contig687	6	180.7
seq00000000	S-latissima_F_contig858	3	180.7
seq00000000	S-latissima_F_contig654	6	172.3
seq00000000	S-latissima_F_contig1001	4	153.3
seq00000000	S-latissima_F_contig743	2	152.2
seq00000000	S-latissima_F_contig1000	1	149.8
seq00000000	S-latissima_F_contig1074	2	149.6
seq00000000	S-latissima_F_contig1067	4	145.7
seq00000000	S-latissima_F_contig1151	3	130.8
seq00000000	S-latissima_F_contig762	5	123.6
seq00000000	S-latissima_F_contig1326	1	122
seq00000000	S-latissima_F_contig1128	2	120.4
seq00000000	S-latissima_F_contig1097	3	120.3
seq00000000	S-latissima_F_contig1393	2	114.8
seq00000000	S-latissima_F_contig1144	2	114.7
seq00000000	S-latissima_F_contig1541	1	106.9
seq00000000	S-latissima_F_contig1635	1	96.2
seq00000000	S-latissima_F_contig1581	1	94.1
seq00000000	S-latissima_F_contig1575	1	93.3
seq00000000	S-latissima_F_contig1652	1	93.2
seq00000000	S-latissima_F_contig1640	2	92
seq00000000	S-latissima_F_contig1512	3	91.4
seq00000000	S-latissima_F_contig1308	1	90.6
seq00000000	S-latissima_F_contig1710	2	89.9
seq00000000	S-latissima_F_contig1547	2	87.2
seq00000000	S-latissima_F_contig989	5	86.2
seq00000000	S-latissima_F_contig1623	2	85.5
seq00000000	S-latissima_F_contig1064	1	84.8
seq00000000	S-latissima_F_contig1571	3	83.5
seq00000000	S-latissima_F_contig941	2	82.2
seq00000000	S-latissima_F_contig1786	2	81.3
seq00000000	S-latissima_F_contig1381	3	79.3
seq00000000	S-latissima_F_contig1274	2	77.5
seq00000000	S-latissima_F_contig1492	1	76
seq00000000	S-latissima_F_contig1966	3	71.4
seq00000000	S-latissima_F_contig1615	1	68.4
seq00000000	S-latissima_F_contig2038	1	66.1
seq00000000	S-latissima_F_contig1495	3	60.8
seq00000000	S-latissima_F_contig1760	2	60.8
seq00000000	S-latissima_F_contig1716	1	58.5
seq00000000	S-latissima_F_contig2082	1	57.2
seq00000000	S-latissima_F_contig2241	1	57
seq00000000	S-latissima_F_contig1815	2	54.9
seq00000000	S-latissima_F_contig1401	4	54.7
seq00000000	S-latissima_F_contig2131	2	52.4
seq00000000	S-latissima_F_contig2287	1	52.4
seq00000000	S-latissima_F_contig1903	2	51.9
seq00000000	S-latissima_F_contig1889	1	50.5
seq00000000	S-latissima_F_contig2123	2	49.8
seq00000000	S-latissima_F_contig2392	1	48.6
seq00000000	S-latissima_F_contig2103	1	47.7
seq00000000	S-latissima_F_contig2209	2	47.4
seq00000000	S-latissima_F_contig1653	1	44.9
seq00000000	S-latissima_F_contig2344	1	43.2
seq00000000	S-latissima_F_contig2058	2	41.4
seq00000000	S-latissima_F_contig2404	1	39.9
seq00000000	S-latissima_F_contig2443	1	39.8
seq00000000	S-latissima_F_contig2438	3	38.1
seq00000000	S-latissima_F_contig2491	2	38.1
seq00000000	S-latissima_F_contig2306	2	37
seq00000000	S-latissima_F_contig2759	1	36.7
seq00000000	S-latissima_F_contig2587	1	35.9
seq00000000	S-latissima_F_contig2454	3	33.7
seq00000000	S-latissima_F_contig2786	1	33.4
seq00000000	S-latissima_F_contig1527	1	33.3
seq00000000	S-latissima_F_contig2883	2	33.2
seq00000000	S-latissima_F_contig1959	1	32.6
seq00000000	S-latissima_F_contig2476	2	32.3
seq00000000	S-latissima_F_contig1639	1	29.3
seq00000000	S-latissima_F_contig2008	1	29.3
seq00000000	S-latissima_F_contig2199	2	29.2
seq00000000	S-latissima_F_contig2239	1	28.3
seq00000000	S-latissima_F_contig2914	1	28
seq00000000	S-latissima_F_contig2904	1	27.9
seq00000000	S-latissima_F_contig3021	1	27.5
seq00000000	S-latissima_F_contig2997	1	27.4
seq00000000	S-latissima_F_contig2048	1	27.3
seq00000000	S-latissima_F_contig2795	2	27.2
seq00000000	S-latissima_F_contig2836	1	26.5
seq00000000	S-latissima_F_contig2894	1	26.2
seq00000000	S-latissima_F_contig2558	1	25.8
seq00000000	S-latissima_F_contig3183	1	24
seq00000000	S-latissima_F_contig2319	2	23.4
seq00000000	S-latissima_F_contig1992	1	23.1
seq00000000	S-latissima_F_contig2653	1	22.6
seq00000000	S-latissima_F_contig3031	1	22.6
seq00000000	S-latissima_F_contig2607	1	22
seq00000000	S-latissima_F_contig2730	2	22
seq00000000	S-latissima_F_contig2936	2	20.6
seq00000000	S-latissima_F_contig3317	1	20.4
seq00000000	S-latissima_F_contig3246	1	19.5
seq00000000	S-latissima_F_contig3298	1	18.8
seq00000000	S-latissima_F_contig3371	1	18.3
seq00000000	S-latissima_F_contig3456	1	18.1
seq00000000	S-latissima_F_contig3262	1	17.7
seq00000000	S-latissima_F_contig3215	1	17.2
seq00000000	S-latissima_F_contig3134	2	16.3
seq00000000	S-latissima_F_contig3544	1	15.9
seq00000000	S-latissima_F_contig3485	1	15.4
seq00000000	S-latissima_F_contig3034	1	14.8
seq00000000	S-latissima_F_contig3665	1	14.7
seq00000000	S-latissima_F_contig3059	1	14.3
seq00000000	S-latissima_F_contig3550	1	14
seq00000000	S-latissima_F_contig3748	1	13.5
seq00000000	S-latissima_F_contig3771	1	13.3
seq00000000	S-latissima_F_contig3468	1	13.2
seq00000000	S-latissima_F_contig2844	1	13
seq00000000	S-latissima_F_contig3793	1	12.9
seq00000000	S-latissima_F_contig3248	2	11.9
seq00000000	S-latissima_F_contig3519	1	11.8
seq00000000	S-latissima_F_contig3847	1	11.2
seq00000000	S-latissima_F_contig3921	1	10.8
seq00000000	S-latissima_F_contig3412	1	10.7
seq00000000	S-latissima_F_contig3919	1	10.4
seq00000000	S-latissima_F_contig3601	1	9.8
seq00000000	S-latissima_F_contig4065	1	9
seq00000000	S-latissima_F_contig4083	1	8.6
seq00000000	S-latissima_F_contig3973	1	8.2
seq00000000	S-latissima_F_contig3791	1	7.7
seq00000000	S-latissima_F_contig4116	1	7.7
seq00000000	S-latissima_F_contig3727	1	7.4
seq00000000	S-latissima_F_contig3686	1	7.3
seq00000000	S-latissima_F_contig3711	1	7.2
seq00000000	S-latissima_F_contig4155	1	7.2
seq00000000	S-latissima_F_contig4274	1	6.7
seq00000000	S-latissima_F_contig4052	1	6.6
seq00000000	S-latissima_F_contig3676	1	6.3
seq00000000	S-latissima_F_contig3942	1	6.3
seq00000000	S-latissima_F_contig2957	1	6.1
seq00000000	S-latissima_F_contig4085	1	6
seq00000000	S-latissima_F_contig3361	1	5.7
seq00000000	S-latissima_F_contig4136	1	5.6
seq00000000	S-latissima_F_contig4293	1	5.5
seq00000000	S-latissima_F_contig4311	1	5.5
seq00000000	S-latissima_F_contig3976	1	5.4
seq00000000	S-latissima_F_contig4363	1	5.1
seq00000023	SL_02	75	4357.8
seq00000023	S-latissima_F_contig99	9	433.9
seq00000023	S-latissima_F_contig375	5	288.5
seq00000023	S-latissima_F_contig547	4	245.4
seq00000023	S-latissima_F_contig1268	2	115.4
seq00000023	S-latissima_F_contig1444	2	100.2
seq00000023	S-latissima_F_contig1560	1	94.4
seq00000023	S-latissima_F_contig1489	2	84.2
seq00000023	S-latissima_F_contig1503	3	83.2
seq00000023	S-latissima_F_contig1713	1	80.5
seq00000023	S-latissima_F_contig2158	1	60.1
seq00000023	S-latissima_F_contig2299	1	53.3
seq00000023	S-latissima_F_contig2519	1	40.8
seq00000023	S-latissima_F_contig2671	2	36.2
seq00000023	S-latissima_F_contig2792	1	34.9
seq00000023	S-latissima_F_contig2773	1	34.5
seq00000023	S-latissima_F_contig2842	1	33.2
seq00000023	S-latissima_F_contig2912	1	32.2
seq00000023	S-latissima_F_contig2591	1	31.5
seq00000023	S-latissima_F_contig2320	1	26.3
seq00000023	S-latissima_F_contig2677	1	24.1
seq00000023	S-latissima_F_contig2913	1	23.3
seq00000023	S-latissima_F_contig3253	1	18.3
seq00000023	S-latissima_F_contig3682	1	14.7
seq00000023	S-latissima_F_contig3053	1	14.4
seq00000023	S-latissima_F_contig2765	1	13.3
seq00000023	S-latissima_F_contig2694	1	12.2
seq00000023	S-latissima_F_contig3645	1	12
seq00000023	S-latissima_F_contig3841	1	11.9
seq00000023	S-latissima_F_contig4044	1	9.2
seq00000023	S-latissima_F_contig3043	1	8.8
seq00000023	S-latissima_F_contig3732	1	8.8
seq00000023	S-latissima_F_contig3254	1	7.1
seq00000023	S-latissima_F_contig3470	1	7
seq00000023	S-latissima_F_contig3306	1	6.9
seq00000023	S-latissima_F_contig3985	1	6.7
seq00000023	S-latissima_F_contig4288	1	6.5
seq00000023	S-latissima_F_contig4089	1	6.4
seq00000023	S-latissima_F_contig3987	1	6.1
seq00000034	SL_05	138	8247.8
seq00000034	S-latissima_F_contig827	4	179.3
seq00000034	S-latissima_F_contig852	3	134.8
seq00000034	S-latissima_F_contig1061	4	117.3
seq00000034	S-latissima_F_contig1429	4	103.1
seq00000034	S-latissima_F_contig1610	2	93.6
seq00000034	S-latissima_F_contig1534	2	88
seq00000034	S-latissima_F_contig1471	1	82.7
seq00000034	S-latissima_F_contig1909	1	78.4
seq00000034	S-latissima_F_contig1872	1	75.8
seq00000034	S-latissima_F_contig1962	1	67.3
seq00000034	S-latissima_F_contig2042	2	60
seq00000034	S-latissima_F_contig1306	3	59.9
seq00000034	S-latissima_F_contig1584	3	55.7
seq00000034	S-latissima_F_contig2606	2	41.7
seq00000034	S-latissima_F_contig2629	1	41.7
seq00000034	S-latissima_F_contig1949	2	40.3
seq00000034	S-latissima_F_contig1764	1	31.8
seq00000034	S-latissima_F_contig2918	2	31.7
seq00000034	S-latissima_F_contig2602	1	30
seq00000034	S-latissima_F_contig2995	2	28.5
seq00000034	S-latissima_F_contig2175	1	26.9
seq00000034	S-latissima_F_contig2740	1	25.9
seq00000034	S-latissima_F_contig3067	1	23.4
seq00000034	S-latissima_F_contig3300	1	21.1
seq00000034	S-latissima_F_contig3444	1	18.1
seq00000034	S-latissima_F_contig3349	1	17.2
seq00000034	S-latissima_F_contig2866	1	16.4
seq00000034	S-latissima_F_contig3672	1	15.1
seq00000034	S-latissima_F_contig3696	1	13.9
seq00000034	S-latissima_F_contig3313	2	13.5
seq00000034	S-latissima_F_contig3883	1	11.4
seq00000034	S-latissima_F_contig3851	1	10.7
seq00000034	S-latissima_F_contig3965	1	9.9
seq00000034	S-latissima_F_contig3999	1	9.8
seq00000034	S-latissima_F_contig3649	1	9
seq00000034	S-latissima_F_contig3659	1	8.6
seq00000034	S-latissima_F_contig3852	1	7.7
seq00000034	S-latissima_F_contig4154	1	7.3
seq00000034	S-latissima_F_contig4201	1	6.9
seq00000034	S-latissima_F_contig4081	1	6.6
seq00000034	S-latissima_F_contig3998	1	5.1
seq00000045	SL_24	120	7523.8
seq00000045	S-latissima_F_contig822	2	179.1
seq00000045	S-latissima_F_contig1597	2	94.3
seq00000045	S-latissima_F_contig1737	1	88.2
seq00000045	S-latissima_F_contig1634	3	83.4
seq00000045	S-latissima_F_contig1808	1	79
seq00000045	S-latissima_F_contig1863	2	72.8
seq00000045	S-latissima_F_contig2256	1	57.7
seq00000045	S-latissima_F_contig2248	1	56.3
seq00000045	S-latissima_F_contig2322	1	54.8
seq00000045	S-latissima_F_contig2279	2	54.1
seq00000045	S-latissima_F_contig2145	2	52.9
seq00000045	S-latissima_F_contig1699	1	49.1
seq00000045	S-latissima_F_contig1986	3	46.5
seq00000045	S-latissima_F_contig2517	1	44.7
seq00000045	S-latissima_F_contig2249	2	35.9
seq00000045	S-latissima_F_contig2839	1	33.4
seq00000045	S-latissima_F_contig2939	1	30.6
seq00000045	S-latissima_F_contig3231	1	22.5
seq00000045	S-latissima_F_contig3038	1	21.1
seq00000045	S-latissima_F_contig3358	2	19.7
seq00000045	S-latissima_F_contig3462	1	16.6
seq00000045	S-latissima_F_contig3393	1	13.6
seq00000045	S-latissima_F_contig3817	1	12.5
seq00000045	S-latissima_F_contig3429	2	11.6
seq00000045	S-latissima_F_contig3680	1	11.2
seq00000045	S-latissima_F_contig3874	1	10
seq00000045	S-latissima_F_contig4029	1	9.4
seq00000045	S-latissima_F_contig4036	1	9.3
seq00000045	S-latissima_F_contig4105	1	8
seq00000045	S-latissima_F_contig3616	1	7.8
seq00000045	S-latissima_F_contig4074	1	7.6
seq00000045	S-latissima_F_contig3222	1	7.2
seq00000045	S-latissima_F_contig4401	1	5.5
seq00000045	S-latissima_F_contig4270	1	5.2
seq00000045	S-latissima_F_contig3837	1	5.1
seq00000045	S-latissima_F_contig4395	1	5
seq00000054	SL_15	112	6960.9
seq00000054	S-latissima_F_contig874	2	152.2
seq00000054	S-latissima_F_contig1294	1	122.9
seq00000054	S-latissima_F_contig1118	3	114.9
seq00000054	S-latissima_F_contig1448	2	112
seq00000054	S-latissima_F_contig1665	3	76
seq00000054	S-latissima_F_contig1957	2	64.6
seq00000054	S-latissima_F_contig1478	4	61.4
seq00000054	S-latissima_F_contig2573	1	42.5
seq00000054	S-latissima_F_contig2515	1	42
seq00000054	S-latissima_F_contig2283	1	41.2
seq00000054	S-latissima_F_contig2598	1	40.6
seq00000054	S-latissima_F_contig2141	2	37.9
seq00000054	S-latissima_F_contig2202	2	28.3
seq00000054	S-latissima_F_contig3093	1	17.8
seq00000054	S-latissima_F_contig3197	1	17.4
seq00000054	S-latissima_F_contig2105	1	17.2
seq00000054	S-latissima_F_contig3536	1	16.9
seq00000054	S-latissima_F_contig3586	1	16.2
seq00000054	S-latissima_F_contig3580	1	15.3
seq00000054	S-latissima_F_contig2561	1	15.2
seq00000054	S-latissima_F_contig2887	1	13.6
seq00000054	S-latissima_F_contig3539	1	12.5
seq00000054	S-latissima_F_contig3800	1	11.3
seq00000054	S-latissima_F_contig3054	1	9.4
seq00000054	S-latissima_F_contig3427	1	9.1
seq00000054	S-latissima_F_contig4013	1	9
seq00000054	S-latissima_F_contig3302	1	6.8
seq00000054	S-latissima_F_contig3337	1	6.1
seq00000054	S-latissima_F_contig3797	1	5.8
seq00000055	SL_19	114	7228.6
seq00000055	S-latissima_F_contig1013	3	123.5
seq00000055	S-latissima_F_contig1978	1	72.1
seq00000055	S-latissima_F_contig2102	3	55
seq00000055	S-latissima_F_contig2302	1	51.8
seq00000055	S-latissima_F_contig2335	1	43.6
seq00000055	S-latissima_F_contig2624	1	39.6
seq00000055	S-latissima_F_contig2748	1	36.3
seq00000055	S-latissima_F_contig2293	1	35.5
seq00000055	S-latissima_F_contig2845	1	32.5
seq00000055	S-latissima_F_contig2735	2	31.6
seq00000055	S-latissima_F_contig2791	2	25
seq00000055	S-latissima_F_contig2413	1	24
seq00000055	S-latissima_F_contig3291	2	21.1
seq00000055	S-latissima_F_contig2550	1	18.8
seq00000055	S-latissima_F_contig3433	1	17.1
seq00000055	S-latissima_F_contig3207	1	16.5
seq00000055	S-latissima_F_contig3604	1	14.1
seq00000055	S-latissima_F_contig3905	1	11.1
seq00000055	S-latissima_F_contig3287	1	10.3
seq00000055	S-latissima_F_contig3911	1	9
seq00000055	S-latissima_F_contig3699	1	8.6
seq00000055	S-latissima_F_contig3903	1	8.5
seq00000055	S-latissima_F_contig3994	1	7.4
seq00000055	S-latissima_F_contig4192	1	7.4
seq00000056	S-latissima_F_contig236	6	371.8
seq00000056	S-latissima_F_contig525	3	240
seq00000056	S-latissima_F_contig443	5	233
seq00000056	S-latissima_F_contig850	5	141.6
seq00000056	S-latissima_F_contig928	5	138.8
seq00000056	S-latissima_F_contig1509	2	95.5
seq00000056	S-latissima_F_contig936	2	91.9
seq00000056	S-latissima_F_contig1867	1	79.6
seq00000056	S-latissima_F_contig1987	1	71.7
seq00000056	S-latissima_F_contig1930	2	69.4
seq00000056	S-latissima_F_contig1638	2	68.6
seq00000056	S-latissima_F_contig1926	2	58.7
seq00000056	S-latissima_F_contig1467	2	55.4
seq00000056	S-latissima_F_contig2284	1	54.8
seq00000056	S-latissima_F_contig2288	1	54
seq00000056	S-latissima_F_contig2348	1	53.6
seq00000056	S-latissima_F_contig2315	2	50.8
seq00000056	S-latissima_F_contig2437	1	46.7
seq00000056	S-latissima_F_contig2347	1	44.7
seq00000056	S-latissima_F_contig2514	1	41.5
seq00000056	S-latissima_F_contig2124	1	38.5
seq00000056	S-latissima_F_contig2566	1	29.5
seq00000056	S-latissima_F_contig2907	1	26
seq00000056	S-latissima_F_contig2551	1	25.5
seq00000056	S-latissima_F_contig2616	1	18.8
seq00000056	S-latissima_F_contig2681	2	18.3
seq00000056	S-latissima_F_contig3548	1	17
seq00000056	S-latissima_F_contig2282	1	16.6
seq00000056	S-latissima_F_contig2983	1	15.2
seq00000056	S-latissima_F_contig3415	1	13.6
seq00000056	S-latissima_F_contig3290	1	12.8
seq00000056	S-latissima_F_contig2849	1	9.8
seq00000056	S-latissima_F_contig3773	1	7.3
seq00000056	S-latissima_F_contig4018	1	7.3
seq00000056	S-latissima_F_contig3638	1	7
seq00000056	S-latissima_F_contig4194	1	6.6
seq00000056	S-latissima_F_contig4226	1	5.6
seq00000056	S-latissima_F_contig4369	1	5.6
seq00000057_91	SL_07	136	7587.9
seq00000057_91	S-latissima_F_contig1134	2	136.4
seq00000057_91	S-latissima_F_contig1572	2	103.8
seq00000057_91	S-latissima_F_contig1721	1	79
seq00000057_91	S-latissima_F_contig2106	1	64.3
seq00000057_91	S-latissima_F_contig2329	1	54.7
seq00000057_91	S-latissima_F_contig2205	1	52.8
seq00000057_91	S-latissima_F_contig2166	1	50.3
seq00000057_91	S-latissima_F_contig2372	2	44.8
seq00000057_91	S-latissima_F_contig2363	1	41.7
seq00000057_91	S-latissima_F_contig2530	1	39.8
seq00000057_91	S-latissima_F_contig2702	1	39.3
seq00000057_91	S-latissima_F_contig2981	1	29.2
seq00000057_91	S-latissima_F_contig2892	1	29
seq00000057_91	S-latissima_F_contig3058	1	26.9
seq00000057_91	S-latissima_F_contig2878	1	26.6
seq00000057_91	S-latissima_F_contig2902	2	26
seq00000057_91	S-latissima_F_contig3482	1	18.4
seq00000057_91	S-latissima_F_contig3508	1	14.5
seq00000057_91	S-latissima_F_contig3902	1	10.4
seq00000057_91	S-latissima_F_contig4062	1	8.6
seq00000057_91	S-latissima_F_contig3531	1	8.2
seq00000057_91	S-latissima_F_contig4143	1	8
seq00000057_91	S-latissima_F_contig4162	1	7.5
seq00000057_91	S-latissima_F_contig3807	1	7.2
seq00000057_91	S-latissima_F_contig4227	1	6.7
seq00000057_91	S-latissima_F_contig3654	1	6.2
seq00000057_91	S-latissima_F_contig4392	1	5.7
seq00000057_91	S-latissima_F_contig3713	1	5.5
seq00000057_91	S-latissima_F_contig4258	1	5.4
seq00000058_82	SL_08	111	7138.5
seq00000058_82	S-latissima_F_contig985	1	163.5
seq00000058_82	S-latissima_F_contig1385	2	119.3
seq00000058_82	S-latissima_F_contig1357	2	118.1
seq00000058_82	S-latissima_F_contig1384	2	113.2
seq00000058_82	S-latissima_F_contig1355	1	112.8
seq00000058_82	S-latissima_F_contig1434	1	112.8
seq00000058_82	S-latissima_F_contig1237	2	112.4
seq00000058_82	S-latissima_F_contig1211	2	65.3
seq00000058_82	S-latissima_F_contig2046	2	62.9
seq00000058_82	S-latissima_F_contig1994	1	59.1
seq00000058_82	S-latissima_F_contig2268	1	54.3
seq00000058_82	S-latissima_F_contig2211	2	53.1
seq00000058_82	S-latissima_F_contig2359	2	51.3
seq00000058_82	S-latissima_F_contig2273	1	49.8
seq00000058_82	S-latissima_F_contig2353	2	43.7
seq00000058_82	S-latissima_F_contig2190	2	42.8
seq00000058_82	S-latissima_F_contig1918	3	40.6
seq00000058_82	S-latissima_F_contig2484	2	38.8
seq00000058_82	S-latissima_F_contig2718	2	38.2
seq00000058_82	S-latissima_F_contig2664	1	30.2
seq00000058_82	S-latissima_F_contig2882	1	30
seq00000058_82	S-latissima_F_contig1551	2	29
seq00000058_82	S-latissima_F_contig3280	1	21.1
seq00000058_82	S-latissima_F_contig2803	1	19.1
seq00000058_82	S-latissima_F_contig3016	1	19.1
seq00000058_82	S-latissima_F_contig3294	1	19.1
seq00000058_82	S-latissima_F_contig3484	2	18.2
seq00000058_82	S-latissima_F_contig3487	1	17.7
seq00000058_82	S-latissima_F_contig2949	2	17.1
seq00000058_82	S-latissima_F_contig3206	1	15.6
seq00000058_82	S-latissima_F_contig3734	1	11.9
seq00000058_82	S-latissima_F_contig2717	1	9.9
seq00000058_82	S-latissima_F_contig3789	1	9.2
seq00000058_82	S-latissima_F_contig3670	1	8.5
seq00000058_82	S-latissima_F_contig4000	1	7.4
seq00000058_82	S-latissima_F_contig4229	1	6.8
seq00000058_82	S-latissima_F_contig3955	1	6.3
seq00000058_82	S-latissima_F_contig3854	1	5.9
seq00000058_82	S-latissima_F_contig4407	1	5.7
seq00000058_82	S-latissima_F_contig3542	1	5.5
seq00000058_82	S-latissima_F_contig4100	1	5.4
seq00000058_82	S-latissima_F_contig4191	1	5.2
seq00000059	SL_10	106	6550.5
seq00000059	S-latissima_F_contig653	2	164.7
seq00000059	S-latissima_F_contig793	4	154.7
seq00000059	S-latissima_F_contig1030	7	151.6
seq00000059	S-latissima_F_contig1113	4	133.8
seq00000059	S-latissima_F_contig1304	2	122
seq00000059	S-latissima_F_contig1245	2	121.7
seq00000059	S-latissima_F_contig1616	1	96.5
seq00000059	S-latissima_F_contig1531	5	90.9
seq00000059	S-latissima_F_contig1263	2	86.4
seq00000059	S-latissima_F_contig1776	1	80.4
seq00000059	S-latissima_F_contig1367	3	74.5
seq00000059	S-latissima_F_contig1693	2	74.3
seq00000059	S-latissima_F_contig1933	1	73.4
seq00000059	S-latissima_F_contig1911	2	71
seq00000059	S-latissima_F_contig1954	3	67
seq00000059	S-latissima_F_contig1469	3	63.2
seq00000059	S-latissima_F_contig1748	3	62.6
seq00000059	S-latissima_F_contig2012	1	62.5
seq00000059	S-latissima_F_contig2188	1	57.3
seq00000059	S-latissima_F_contig1663	3	51.7
seq00000059	S-latissima_F_contig2403	2	51.1
seq00000059	S-latissima_F_contig2104	2	49.9
seq00000059	S-latissima_F_contig2512	1	43.9
seq00000059	S-latissima_F_contig2533	2	43.3
seq00000059	S-latissima_F_contig2538	1	42.9
seq00000059	S-latissima_F_contig2399	2	40.6
seq00000059	S-latissima_F_contig2494	1	38.1
seq00000059	S-latissima_F_contig2771	1	34.6
seq00000059	S-latissima_F_contig2620	1	30.7
seq00000059	S-latissima_F_contig2874	1	30
seq00000059	S-latissima_F_contig2674	2	28.3
seq00000059	S-latissima_F_contig2881	1	27.4
seq00000059	S-latissima_F_contig2952	1	27.4
seq00000059	S-latissima_F_contig3124	1	25.4
seq00000059	S-latissima_F_contig3189	1	24.2
seq00000059	S-latissima_F_contig3048	1	22.7
seq00000059	S-latissima_F_contig1977	2	22.3
seq00000059	S-latissima_F_contig3259	1	21.2
seq00000059	S-latissima_F_contig2506	1	21
seq00000059	S-latissima_F_contig2853	2	20.6
seq00000059	S-latissima_F_contig3411	1	19.5
seq00000059	S-latissima_F_contig3037	1	19.3
seq00000059	S-latissima_F_contig2942	1	18.5
seq00000059	S-latissima_F_contig3251	1	17.1
seq00000059	S-latissima_F_contig3533	1	15.8
seq00000059	S-latissima_F_contig3459	1	15.3
seq00000059	S-latissima_F_contig3052	1	15.2
seq00000059	S-latissima_F_contig3257	1	14.6
seq00000059	S-latissima_F_contig3606	1	14.4
seq00000059	S-latissima_F_contig2832	1	13.7
seq00000059	S-latissima_F_contig3741	1	10.7
seq00000059	S-latissima_F_contig3166	1	9.8
seq00000059	S-latissima_F_contig2872	1	9.3
seq00000059	S-latissima_F_contig3707	1	8.7
seq00000059	S-latissima_F_contig3695	1	7.3
seq00000059	S-latissima_F_contig4121	1	6.9
seq00000059	S-latissima_F_contig3119	1	6.3
seq00000059	S-latissima_F_contig3524	1	6.2
seq00000059	S-latissima_F_contig4337	1	6.1
seq00000059	S-latissima_F_contig4174	1	6
seq00000059	S-latissima_F_contig4284	1	5.8
seq00000059	S-latissima_F_contig4275	1	5.6
seq00000059	S-latissima_F_contig3967	1	5.4
seq00000059	S-latissima_F_contig4402	1	4.9
seq00000060	SL_26	61	4983.4
seq00000060	S-latissima_F_contig393	4	220.9
seq00000060	S-latissima_F_contig669	3	166.5
seq00000060	S-latissima_F_contig918	4	154.7
seq00000060	S-latissima_F_contig905	4	136.5
seq00000060	S-latissima_F_contig1375	1	119.7
seq00000060	S-latissima_F_contig1287	2	113.9
seq00000060	S-latissima_F_contig951	4	98.5
seq00000060	S-latissima_F_contig1730	1	86.1
seq00000060	S-latissima_F_contig1789	3	78.3
seq00000060	S-latissima_F_contig1958	1	69.3
seq00000060	S-latissima_F_contig2056	1	68.7
seq00000060	S-latissima_F_contig1940	1	48.8
seq00000060	S-latissima_F_contig2830	1	35
seq00000060	S-latissima_F_contig2856	1	31.8
seq00000060	S-latissima_F_contig2614	1	30.8
seq00000060	S-latissima_F_contig2596	2	30.2
seq00000060	S-latissima_F_contig2808	2	29.4
seq00000060	S-latissima_F_contig2950	1	29
seq00000060	S-latissima_F_contig2351	2	27.8
seq00000060	S-latissima_F_contig2516	1	27.5
seq00000060	S-latissima_F_contig2956	1	25.7
seq00000060	S-latissima_F_contig3024	1	25.5
seq00000060	S-latissima_F_contig3113	1	24.9
seq00000060	S-latissima_F_contig2709	1	20.2
seq00000060	S-latissima_F_contig3154	1	18.6
seq00000060	S-latissima_F_contig3226	1	18.5
seq00000060	S-latissima_F_contig2451	2	17.9
seq00000060	S-latissima_F_contig3336	1	15.9
seq00000060	S-latissima_F_contig2460	1	13.7
seq00000060	S-latissima_F_contig3315	1	13.2
seq00000060	S-latissima_F_contig3729	1	11.6
seq00000060	S-latissima_F_contig3557	1	10.7
seq00000060	S-latissima_F_contig4093	1	7
seq00000060	S-latissima_F_contig3831	1	6.5
seq00000060	S-latissima_F_contig3746	1	6.2
seq00000060	S-latissima_F_contig4319	1	6.2
seq00000060	S-latissima_F_contig4359	1	5.8
seq00000060	S-latissima_F_contig4377	1	5.7
seq00000060	S-latissima_F_contig4481	1	5.2
seq00000061	SL_27	130	7460
seq00000061	S-latissima_F_contig666	4	231.6
seq00000061	S-latissima_F_contig690	4	203.8
seq00000061	S-latissima_F_contig893	3	166.4
seq00000061	S-latissima_F_contig642	2	133.3
seq00000061	S-latissima_F_contig1135	2	110.1
seq00000061	S-latissima_F_contig1745	2	79.8
seq00000061	S-latissima_F_contig1608	4	78.2
seq00000061	S-latissima_F_contig1922	1	76.5
seq00000061	S-latissima_F_contig1951	2	73.1
seq00000061	S-latissima_F_contig1910	2	69.4
seq00000061	S-latissima_F_contig1892	1	68.8
seq00000061	S-latissima_F_contig2168	1	49.3
seq00000061	S-latissima_F_contig1846	2	43.6
seq00000061	S-latissima_F_contig2305	1	43.2
seq00000061	S-latissima_F_contig2790	2	36.2
seq00000061	S-latissima_F_contig2757	1	32.2
seq00000061	S-latissima_F_contig2490	1	32.1
seq00000061	S-latissima_F_contig2804	1	31.5
seq00000061	S-latissima_F_contig2837	1	29.8
seq00000061	S-latissima_F_contig1803	1	27.4
seq00000061	S-latissima_F_contig2991	1	26.2
seq00000061	S-latissima_F_contig2137	1	25.5
seq00000061	S-latissima_F_contig3450	1	18.6
seq00000061	S-latissima_F_contig3256	1	17.6
seq00000061	S-latissima_F_contig3367	1	14.8
seq00000061	S-latissima_F_contig3447	1	14.8
seq00000061	S-latissima_F_contig3421	1	14.7
seq00000061	S-latissima_F_contig3395	1	13.2
seq00000061	S-latissima_F_contig3756	1	13.1
seq00000061	S-latissima_F_contig3591	1	11.9
seq00000061	S-latissima_F_contig3752	1	11.8
seq00000061	S-latissima_F_contig2807	1	11.5
seq00000061	S-latissima_F_contig3814	1	10
seq00000061	S-latissima_F_contig3080	1	9.4
seq00000061	S-latissima_F_contig4069	1	8.9
seq00000061	S-latissima_F_contig3991	1	8.8
seq00000061	S-latissima_F_contig3767	1	6.6
seq00000061	S-latissima_F_contig3165	1	5.8
seq00000061	S-latissima_F_contig3401	1	5.7
seq00000061	S-latissima_F_contig3693	1	5.6
seq00000061	S-latissima_F_contig3990	1	5
seq00000062	SL_13	69	4183.4
seq00000062	S-latissima_F_contig1221	3	125.1
seq00000062	S-latissima_F_contig1149	3	90.5
seq00000062	S-latissima_F_contig1026	5	87.9
seq00000062	S-latissima_F_contig1558	2	85.1
seq00000062	S-latissima_F_contig1473	2	74.3
seq00000062	S-latissima_F_contig1664	2	73.6
seq00000062	S-latissima_F_contig2044	3	50.8
seq00000062	S-latissima_F_contig1747	2	50.5
seq00000062	S-latissima_F_contig2371	1	47.8
seq00000062	S-latissima_F_contig2207	1	42.2
seq00000062	S-latissima_F_contig2580	1	39
seq00000062	S-latissima_F_contig2462	1	38.9
seq00000062	S-latissima_F_contig2843	1	34.5
seq00000062	S-latissima_F_contig2502	2	32.6
seq00000062	S-latissima_F_contig1970	3	31.6
seq00000062	S-latissima_F_contig2877	2	27
seq00000062	S-latissima_F_contig3065	2	26.6
seq00000062	S-latissima_F_contig3366	1	19.8
seq00000062	S-latissima_F_contig3394	1	19
seq00000062	S-latissima_F_contig3238	1	18.9
seq00000062	S-latissima_F_contig3281	1	18.2
seq00000062	S-latissima_F_contig3132	1	17.7
seq00000062	S-latissima_F_contig3509	1	17
seq00000062	S-latissima_F_contig3293	1	15.5
seq00000062	S-latissima_F_contig3574	1	14.3
seq00000062	S-latissima_F_contig2976	1	13
seq00000062	S-latissima_F_contig3369	1	12.4
seq00000062	S-latissima_F_contig3168	1	11.6
seq00000062	S-latissima_F_contig3663	1	10.7
seq00000062	S-latissima_F_contig3402	1	9.8
seq00000062	S-latissima_F_contig3265	1	8.4
seq00000062	S-latissima_F_contig3148	1	7.9
seq00000062	S-latissima_F_contig3996	1	7.5
seq00000062	S-latissima_F_contig4111	1	6.8
seq00000062	S-latissima_F_contig4316	1	4.6
seq00000063	SL_30	54	3935.5
seq00000063	S-latissima_F_contig1060	3	135.5
seq00000063	S-latissima_F_contig1093	1	120.6
seq00000063	S-latissima_F_contig1148	2	114.9
seq00000063	S-latissima_F_contig738	1	109.5
seq00000063	S-latissima_F_contig1464	2	86.8
seq00000063	S-latissima_F_contig1785	2	78.5
seq00000063	S-latissima_F_contig1995	2	62.9
seq00000063	S-latissima_F_contig2034	1	56.7
seq00000063	S-latissima_F_contig2135	2	54.4
seq00000063	S-latissima_F_contig2338	1	52
seq00000063	S-latissima_F_contig2206	2	48.9
seq00000063	S-latissima_F_contig2467	1	44.9
seq00000063	S-latissima_F_contig2159	2	43.7
seq00000063	S-latissima_F_contig2537	1	40.6
seq00000063	S-latissima_F_contig2553	1	40.4
seq00000063	S-latissima_F_contig2775	1	36.7
seq00000063	S-latissima_F_contig2615	1	28.4
seq00000063	S-latissima_F_contig2617	1	27.3
seq00000063	S-latissima_F_contig3129	1	25.8
seq00000063	S-latissima_F_contig2898	1	25.7
seq00000063	S-latissima_F_contig3133	1	25.5
seq00000063	S-latissima_F_contig2642	2	22.8
seq00000063	S-latissima_F_contig3266	1	22.3
seq00000063	S-latissima_F_contig2985	1	17.7
seq00000063	S-latissima_F_contig3579	1	16.8
seq00000063	S-latissima_F_contig3772	1	12.8
seq00000063	S-latissima_F_contig3577	1	12.7
seq00000063	S-latissima_F_contig3715	1	12.4
seq00000063	S-latissima_F_contig3816	1	12.2
seq00000063	S-latissima_F_contig3683	1	11.3
seq00000063	S-latissima_F_contig3675	1	10.4
seq00000063	S-latissima_F_contig3619	1	10
seq00000063	S-latissima_F_contig3561	1	7.5
seq00000063	S-latissima_F_contig3177	1	7
seq00000063	S-latissima_F_contig3522	1	6.4
seq00000065	SL_29	74	5076.5
seq00000065	S-latissima_F_contig522	3	263.3
seq00000065	S-latissima_F_contig1334	3	117.2
seq00000065	S-latissima_F_contig1162	3	107.7
seq00000065	S-latissima_F_contig1457	1	95.9
seq00000065	S-latissima_F_contig1432	2	94.5
seq00000065	S-latissima_F_contig1040	2	88.6
seq00000065	S-latissima_F_contig1374	3	82.3
seq00000065	S-latissima_F_contig1669	2	77.1
seq00000065	S-latissima_F_contig1917	1	68.4
seq00000065	S-latissima_F_contig2157	3	60.7
seq00000065	S-latissima_F_contig1991	1	58.6
seq00000065	S-latissima_F_contig2441	1	46.3
seq00000065	S-latissima_F_contig2394	1	46.2
seq00000065	S-latissima_F_contig2497	1	45.2
seq00000065	S-latissima_F_contig2391	2	36.6
seq00000065	S-latissima_F_contig2049	3	36.4
seq00000065	S-latissima_F_contig2865	1	33.6
seq00000065	S-latissima_F_contig2684	2	33.5
seq00000065	S-latissima_F_contig2893	1	31.2
seq00000065	S-latissima_F_contig2768	1	31
seq00000065	S-latissima_F_contig3045	1	22.6
seq00000065	S-latissima_F_contig3316	1	20.1
seq00000065	S-latissima_F_contig3396	1	19.5
seq00000065	S-latissima_F_contig3333	1	18.8
seq00000065	S-latissima_F_contig3422	1	18.8
seq00000065	S-latissima_F_contig3001	1	17.9
seq00000065	S-latissima_F_contig3424	2	16.7
seq00000065	S-latissima_F_contig3472	1	16.2
seq00000065	S-latissima_F_contig3056	2	11.4
seq00000065	S-latissima_F_contig3208	1	10.6
seq00000065	S-latissima_F_contig3545	1	10.1
seq00000065	S-latissima_F_contig4001	1	9
seq00000065	S-latissima_F_contig4075	1	8.8
seq00000065	S-latissima_F_contig3926	1	8.5
seq00000065	S-latissima_F_contig4125	1	7.5
seq00000065	S-latissima_F_contig3478	1	7.4
seq00000065	S-latissima_F_contig3610	1	6.7
seq00000065	S-latissima_F_contig3460	1	6.5
seq00000065	S-latissima_F_contig3833	1	5.8
seq00000065	S-latissima_F_contig4277	1	5.8
seq00000068_75	SL_03	94	5711.3
seq00000068_75	S-latissima_F_contig1188	3	109.8
seq00000068_75	S-latissima_F_contig1763	1	62
seq00000068_75	S-latissima_F_contig1643	1	59
seq00000068_75	S-latissima_F_contig1739	4	58.5
seq00000068_75	S-latissima_F_contig2021	1	57.2
seq00000068_75	S-latissima_F_contig2222	1	55.3
seq00000068_75	S-latissima_F_contig2332	1	55.1
seq00000068_75	S-latissima_F_contig2227	2	54.8
seq00000068_75	S-latissima_F_contig1790	1	54.4
seq00000068_75	S-latissima_F_contig2313	1	53.5
seq00000068_75	S-latissima_F_contig2262	1	52.9
seq00000068_75	S-latissima_F_contig2384	2	48.8
seq00000068_75	S-latissima_F_contig2518	1	46.5
seq00000068_75	S-latissima_F_contig2276	1	45
seq00000068_75	S-latissima_F_contig1496	1	42
seq00000068_75	S-latissima_F_contig2258	3	38.6
seq00000068_75	S-latissima_F_contig2729	2	37.4
seq00000068_75	S-latissima_F_contig2544	1	31.5
seq00000068_75	S-latissima_F_contig2652	1	26.4
seq00000068_75	S-latissima_F_contig3022	1	24.1
seq00000068_75	S-latissima_F_contig3193	1	24.1
seq00000068_75	S-latissima_F_contig2108	2	23.3
seq00000068_75	S-latissima_F_contig3198	1	22.8
seq00000068_75	S-latissima_F_contig2271	2	21.4
seq00000068_75	S-latissima_F_contig2805	1	19.9
seq00000068_75	S-latissima_F_contig3085	2	18.7
seq00000068_75	S-latissima_F_contig3153	1	18.7
seq00000068_75	S-latissima_F_contig3438	1	17.8
seq00000068_75	S-latissima_F_contig3434	1	17.7
seq00000068_75	S-latissima_F_contig2588	1	17.4
seq00000068_75	S-latissima_F_contig3526	1	16.4
seq00000068_75	S-latissima_F_contig3637	1	15.6
seq00000068_75	S-latissima_F_contig3630	1	13.9
seq00000068_75	S-latissima_F_contig3344	1	13.6
seq00000068_75	S-latissima_F_contig3267	1	13.4
seq00000068_75	S-latissima_F_contig3679	1	12.5
seq00000068_75	S-latissima_F_contig3821	1	12.5
seq00000068_75	S-latissima_F_contig3836	1	12.3
seq00000068_75	S-latissima_F_contig3932	1	10.6
seq00000068_75	S-latissima_F_contig3963	1	10.3
seq00000068_75	S-latissima_F_contig2960	1	9.4
seq00000068_75	S-latissima_F_contig2921	1	9.3
seq00000068_75	S-latissima_F_contig3802	1	9
seq00000068_75	S-latissima_F_contig3945	1	8.9
seq00000068_75	S-latissima_F_contig3304	1	8.4
seq00000068_75	S-latissima_F_contig4122	1	7.5
seq00000068_75	S-latissima_F_contig4050	1	6.9
seq00000068_75	S-latissima_F_contig4195	1	6.3
seq00000068_75	S-latissima_F_contig3668	1	6.1
seq00000068_75	S-latissima_F_contig4046	1	6
seq00000068_75	S-latissima_F_contig4500	1	5.1
seq00000068_75	S-latissima_F_contig4214	1	4.9
seq00000068_75	S-latissima_F_contig3625	1	4.7
seq00000069_84	SL_31	81	5380.7
seq00000069_84	S-latissima_F_contig166	6	406.9
seq00000069_84	S-latissima_F_contig448	4	281
seq00000069_84	S-latissima_F_contig427	4	208
seq00000069_84	S-latissima_F_contig1431	4	109.8
seq00000069_84	S-latissima_F_contig1415	2	108.5
seq00000069_84	S-latissima_F_contig1574	2	89
seq00000069_84	S-latissima_F_contig1324	3	80.3
seq00000069_84	S-latissima_F_contig1845	1	77.4
seq00000069_84	S-latissima_F_contig2277	1	58.1
seq00000069_84	S-latissima_F_contig2129	1	48.6
seq00000069_84	S-latissima_F_contig1671	3	48.4
seq00000069_84	S-latissima_F_contig2358	2	48.2
seq00000069_84	S-latissima_F_contig2428	1	42.6
seq00000069_84	S-latissima_F_contig2562	1	38.5
seq00000069_84	S-latissima_F_contig2557	1	38.4
seq00000069_84	S-latissima_F_contig3060	1	25.1
seq00000069_84	S-latissima_F_contig2725	1	23.4
seq00000069_84	S-latissima_F_contig3322	1	20.3
seq00000069_84	S-latissima_F_contig3488	1	16.7
seq00000069_84	S-latissima_F_contig3381	1	14.8
seq00000069_84	S-latissima_F_contig3780	1	12.7
seq00000069_84	S-latissima_F_contig3819	1	12.6
seq00000069_84	S-latissima_F_contig3328	1	9.7
seq00000069_84	S-latissima_F_contig3070	1	7.3
seq00000069_84	S-latissima_F_contig3430	1	5.9
seq00000071_78	SL_17	66	4225.4
seq00000071_78	S-latissima_F_contig1193	2	131.7
seq00000071_78	S-latissima_F_contig1383	3	109.7
seq00000071_78	S-latissima_F_contig1353	4	96.1
seq00000071_78	S-latissima_F_contig776	3	83.6
seq00000071_78	S-latissima_F_contig1761	3	81.1
seq00000071_78	S-latissima_F_contig1685	3	76.7
seq00000071_78	S-latissima_F_contig1698	1	70.1
seq00000071_78	S-latissima_F_contig2117	2	59.1
seq00000071_78	S-latissima_F_contig1948	1	58.1
seq00000071_78	S-latissima_F_contig2364	1	50.5
seq00000071_78	S-latissima_F_contig1973	2	49.9
seq00000071_78	S-latissima_F_contig2354	1	48.6
seq00000071_78	S-latissima_F_contig2132	2	45.1
seq00000071_78	S-latissima_F_contig2138	1	43.6
seq00000071_78	S-latissima_F_contig2584	1	43.1
seq00000071_78	S-latissima_F_contig1016	2	42.1
seq00000071_78	S-latissima_F_contig1695	1	41.3
seq00000071_78	S-latissima_F_contig2439	2	39.9
seq00000071_78	S-latissima_F_contig2754	1	37.8
seq00000071_78	S-latissima_F_contig2385	1	37.6
seq00000071_78	S-latissima_F_contig2829	1	34.6
seq00000071_78	S-latissima_F_contig2783	1	33.3
seq00000071_78	S-latissima_F_contig2635	2	31.4
seq00000071_78	S-latissima_F_contig2861	1	30.4
seq00000071_78	S-latissima_F_contig2977	1	29
seq00000071_78	S-latissima_F_contig2705	1	26.9
seq00000071_78	S-latissima_F_contig3000	1	26.4
seq00000071_78	S-latissima_F_contig3039	1	25.2
seq00000071_78	S-latissima_F_contig2560	1	24.5
seq00000071_78	S-latissima_F_contig2556	1	23.5
seq00000071_78	S-latissima_F_contig3036	1	23.2
seq00000071_78	S-latissima_F_contig3217	1	22
seq00000071_78	S-latissima_F_contig3319	1	20.4
seq00000071_78	S-latissima_F_contig2811	1	20
seq00000071_78	S-latissima_F_contig3115	1	19.7
seq00000071_78	S-latissima_F_contig3008	1	19.2
seq00000071_78	S-latissima_F_contig3523	1	16.7
seq00000071_78	S-latissima_F_contig3510	1	16.5
seq00000071_78	S-latissima_F_contig3071	1	16
seq00000071_78	S-latissima_F_contig2691	1	15
seq00000071_78	S-latissima_F_contig3635	1	14.1
seq00000071_78	S-latissima_F_contig3705	1	14
seq00000071_78	S-latissima_F_contig3502	1	13.9
seq00000071_78	S-latissima_F_contig3653	1	13.7
seq00000071_78	S-latissima_F_contig3332	1	13.2
seq00000071_78	S-latissima_F_contig3669	1	12.9
seq00000071_78	S-latissima_F_contig3026	1	12.1
seq00000071_78	S-latissima_F_contig3046	1	9.5
seq00000071_78	S-latissima_F_contig3718	1	8.6
seq00000071_78	S-latissima_F_contig3929	1	8.6
seq00000071_78	S-latissima_F_contig4033	1	8.5
seq00000071_78	S-latissima_F_contig4086	1	8.5
seq00000071_78	S-latissima_F_contig4212	1	7.2
seq00000071_78	S-latissima_F_contig4164	1	6.5
seq00000071_78	S-latissima_F_contig4160	1	6.3
seq00000071_78	S-latissima_F_contig3947	1	6
seq00000072_93	SL_20	89	4402.8
seq00000072_93	S-latissima_F_contig1395	3	103.3
seq00000072_93	S-latissima_F_contig1614	2	96.4
seq00000072_93	S-latissima_F_contig1498	2	88.7
seq00000072_93	S-latissima_F_contig1605	2	85.6
seq00000072_93	S-latissima_F_contig1543	3	80.7
seq00000072_93	S-latissima_F_contig1769	2	65.6
seq00000072_93	S-latissima_F_contig1967	1	60.9
seq00000072_93	S-latissima_F_contig2825	1	32.4
seq00000072_93	S-latissima_F_contig2660	1	31.8
seq00000072_93	S-latissima_F_contig2619	1	30.9
seq00000072_93	S-latissima_F_contig2922	1	29.7
seq00000072_93	S-latissima_F_contig2885	1	25.8
seq00000072_93	S-latissima_F_contig3006	1	22.5
seq00000072_93	S-latissima_F_contig3225	1	19
seq00000072_93	S-latissima_F_contig3387	1	18.7
seq00000072_93	S-latissima_F_contig3490	1	17.6
seq00000072_93	S-latissima_F_contig3278	1	15.6
seq00000072_93	S-latissima_F_contig3003	2	15.5
seq00000072_93	S-latissima_F_contig3609	1	14.7
seq00000072_93	S-latissima_F_contig3666	1	13.1
seq00000072_93	S-latissima_F_contig3486	1	9.9
seq00000072_93	S-latissima_F_contig4016	1	8.2
seq00000072_93	S-latissima_F_contig4090	1	7.5
seq00000072_93	S-latissima_F_contig2626	1	7.2
seq00000072_93	S-latissima_F_contig3733	1	7.2
seq00000072_93	S-latissima_F_contig3993	1	6.5
seq00000072_93	S-latissima_F_contig4257	1	6.2
seq00000076_74	SL_21	95	5582.2
seq00000076_74	S-latissima_F_contig1218	1	131.3
seq00000076_74	S-latissima_F_contig1248	2	130.4
seq00000076_74	S-latissima_F_contig1407	2	105.4
seq00000076_74	S-latissima_F_contig1389	3	87.1
seq00000076_74	S-latissima_F_contig1708	1	86.1
seq00000076_74	S-latissima_F_contig1014	2	76.1
seq00000076_74	S-latissima_F_contig1898	1	70.9
seq00000076_74	S-latissima_F_contig2064	1	58.9
seq00000076_74	S-latissima_F_contig1462	1	54.9
seq00000076_74	S-latissima_F_contig2297	1	54.7
seq00000076_74	S-latissima_F_contig2337	1	54.4
seq00000076_74	S-latissima_F_contig2187	1	53.6
seq00000076_74	S-latissima_F_contig2334	1	53
seq00000076_74	S-latissima_F_contig2097	1	50.9
seq00000076_74	S-latissima_F_contig2001	2	48.9
seq00000076_74	S-latissima_F_contig2578	1	41.8
seq00000076_74	S-latissima_F_contig2474	1	40.7
seq00000076_74	S-latissima_F_contig2148	1	38.1
seq00000076_74	S-latissima_F_contig2690	1	37.9
seq00000076_74	S-latissima_F_contig2639	1	37.2
seq00000076_74	S-latissima_F_contig2781	1	34
seq00000076_74	S-latissima_F_contig2794	1	32.6
seq00000076_74	S-latissima_F_contig2896	1	32.4
seq00000076_74	S-latissima_F_contig2636	1	24.9
seq00000076_74	S-latissima_F_contig2764	1	24.5
seq00000076_74	S-latissima_F_contig2758	1	23.3
seq00000076_74	S-latissima_F_contig3047	1	22.6
seq00000076_74	S-latissima_F_contig3264	1	21.2
seq00000076_74	S-latissima_F_contig2173	2	20.7
seq00000076_74	S-latissima_F_contig3284	1	20.7
seq00000076_74	S-latissima_F_contig3364	1	20.1
seq00000076_74	S-latissima_F_contig3272	1	19.8
seq00000076_74	S-latissima_F_contig3379	1	19.6
seq00000076_74	S-latissima_F_contig3363	1	18.3
seq00000076_74	S-latissima_F_contig3140	1	17.8
seq00000076_74	S-latissima_F_contig3398	1	17.6
seq00000076_74	S-latissima_F_contig2857	1	17
seq00000076_74	S-latissima_F_contig3483	1	16.6
seq00000076_74	S-latissima_F_contig2269	2	16.3
seq00000076_74	S-latissima_F_contig3633	1	15.7
seq00000076_74	S-latissima_F_contig3169	1	15.2
seq00000076_74	S-latissima_F_contig3125	1	14.8
seq00000076_74	S-latissima_F_contig3103	1	14.1
seq00000076_74	S-latissima_F_contig3688	1	13.9
seq00000076_74	S-latissima_F_contig3388	1	13.1
seq00000076_74	S-latissima_F_contig3295	1	12.9
seq00000076_74	S-latissima_F_contig3815	1	11.6
seq00000076_74	S-latissima_F_contig3892	1	10.7
seq00000076_74	S-latissima_F_contig3690	1	10.2
seq00000076_74	S-latissima_F_contig3782	1	10.2
seq00000076_74	S-latissima_F_contig3025	1	9.9
seq00000076_74	S-latissima_F_contig3860	1	9.5
seq00000076_74	S-latissima_F_contig3572	1	9.1
seq00000076_74	S-latissima_F_contig3898	1	7.6
seq00000076_74	S-latissima_F_contig4168	1	7.6
seq00000076_74	S-latissima_F_contig3982	1	7.3
seq00000076_74	S-latissima_F_contig4059	1	6.7
seq00000076_74	S-latissima_F_contig4322	1	5.6
seq00000076_74	S-latissima_F_contig3494	1	5.3
seq00000076_74	S-latissima_F_contig4169	1	4.9
seq00000081	SL_04	149	8455.4
seq00000081	S-latissima_F_contig194	8	275.7
seq00000081	S-latissima_F_contig682	3	214.3
seq00000081	S-latissima_F_contig1178	3	134.9
seq00000081	S-latissima_F_contig1400	3	111.2
seq00000081	S-latissima_F_contig904	3	97
seq00000081	S-latissima_F_contig891	1	88.5
seq00000081	S-latissima_F_contig1984	1	71.5
seq00000081	S-latissima_F_contig2031	1	70
seq00000081	S-latissima_F_contig1530	2	67
seq00000081	S-latissima_F_contig2015	2	54.6
seq00000081	S-latissima_F_contig2375	1	50.6
seq00000081	S-latissima_F_contig2153	1	48.6
seq00000081	S-latissima_F_contig1837	2	43.5
seq00000081	S-latissima_F_contig2416	2	39.4
seq00000081	S-latissima_F_contig2270	3	37.7
seq00000081	S-latissima_F_contig2693	1	36
seq00000081	S-latissima_F_contig2848	1	33.9
seq00000081	S-latissima_F_contig2793	1	33.3
seq00000081	S-latissima_F_contig2744	1	28
seq00000081	S-latissima_F_contig2945	1	27.6
seq00000081	S-latissima_F_contig3114	1	26.3
seq00000081	S-latissima_F_contig2924	1	26.1
seq00000081	S-latissima_F_contig3171	2	24
seq00000081	S-latissima_F_contig3195	1	22.4
seq00000081	S-latissima_F_contig2586	1	19.9
seq00000081	S-latissima_F_contig2782	1	19.4
seq00000081	S-latissima_F_contig2998	1	18.6
seq00000081	S-latissima_F_contig2608	1	17.6
seq00000081	S-latissima_F_contig1868	1	16.8
seq00000081	S-latissima_F_contig3420	1	16.2
seq00000081	S-latissima_F_contig2536	2	15
seq00000081	S-latissima_F_contig3595	1	14.2
seq00000081	S-latissima_F_contig3623	1	13.2
seq00000081	S-latissima_F_contig3176	1	12.4
seq00000081	S-latissima_F_contig3775	1	12.1
seq00000081	S-latissima_F_contig3620	1	11.7
seq00000081	S-latissima_F_contig3439	1	11.5
seq00000081	S-latissima_F_contig3745	1	10.9
seq00000081	S-latissima_F_contig3786	1	9.3
seq00000081	S-latissima_F_contig4157	1	7.8
seq00000081	S-latissima_F_contig4060	1	7.5
seq00000081	S-latissima_F_contig3726	1	7.4
seq00000081	S-latissima_F_contig3431	1	6.5
seq00000081	S-latissima_F_contig4181	1	6
seq00000081	S-latissima_F_contig4422	1	5.6
seq00000081	S-latissima_F_contig4339	1	5.5
seq00000081	S-latissima_F_contig2776	1	5.4
seq00000081	S-latissima_F_contig4467	1	5.2
seq00000085_70	SL_01	91	5699.9
seq00000085_70	S-latissima_F_contig1335	2	117.5
seq00000085_70	S-latissima_F_contig1419	4	111.4
seq00000085_70	S-latissima_F_contig1224	3	100.6
seq00000085_70	S-latissima_F_contig1683	1	88.8
seq00000085_70	S-latissima_F_contig1468	3	82.1
seq00000085_70	S-latissima_F_contig1965	1	71.1
seq00000085_70	S-latissima_F_contig1969	1	70.7
seq00000085_70	S-latissima_F_contig1811	3	69
seq00000085_70	S-latissima_F_contig2254	1	57.7
seq00000085_70	S-latissima_F_contig2352	1	52.1
seq00000085_70	S-latissima_F_contig1956	1	52
seq00000085_70	S-latissima_F_contig2410	1	48.1
seq00000085_70	S-latissima_F_contig2522	1	46.4
seq00000085_70	S-latissima_F_contig2398	1	42.5
seq00000085_70	S-latissima_F_contig2679	2	39.8
seq00000085_70	S-latissima_F_contig2169	1	38.6
seq00000085_70	S-latissima_F_contig2622	2	37
seq00000085_70	S-latissima_F_contig2603	1	34.9
seq00000085_70	S-latissima_F_contig2661	1	34.6
seq00000085_70	S-latissima_F_contig2812	1	34.5
seq00000085_70	S-latissima_F_contig2854	1	33.6
seq00000085_70	S-latissima_F_contig2683	1	31.7
seq00000085_70	S-latissima_F_contig1856	2	31
seq00000085_70	S-latissima_F_contig2909	1	28.3
seq00000085_70	S-latissima_F_contig2750	2	28
seq00000085_70	S-latissima_F_contig1722	1	27.9
seq00000085_70	S-latissima_F_contig3050	1	24.9
seq00000085_70	S-latissima_F_contig2855	2	23.9
seq00000085_70	S-latissima_F_contig2873	1	22.9
seq00000085_70	S-latissima_F_contig3271	1	22.2
seq00000085_70	S-latissima_F_contig2446	1	20.5
seq00000085_70	S-latissima_F_contig3370	1	20.3
seq00000085_70	S-latissima_F_contig2213	1	19.4
seq00000085_70	S-latissima_F_contig3405	1	19.1
seq00000085_70	S-latissima_F_contig3353	1	17.5
seq00000085_70	S-latissima_F_contig3474	1	17.5
seq00000085_70	S-latissima_F_contig2432	1	16.8
seq00000085_70	S-latissima_F_contig2994	1	16.6
seq00000085_70	S-latissima_F_contig3632	1	15.8
seq00000085_70	S-latissima_F_contig3130	1	15.5
seq00000085_70	S-latissima_F_contig3530	1	15.5
seq00000085_70	S-latissima_F_contig3354	1	15
seq00000085_70	S-latissima_F_contig3102	1	14.7
seq00000085_70	S-latissima_F_contig3678	1	14.7
seq00000085_70	S-latissima_F_contig3758	1	12.8
seq00000085_70	S-latissima_F_contig3834	1	12.3
seq00000085_70	S-latissima_F_contig3142	2	12.1
seq00000085_70	S-latissima_F_contig3687	1	11.8
seq00000085_70	S-latissima_F_contig3066	1	10.4
seq00000085_70	S-latissima_F_contig3777	1	10
seq00000085_70	S-latissima_F_contig3286	1	8.3
seq00000085_70	S-latissima_F_contig3002	1	8
seq00000085_70	S-latissima_F_contig3611	1	8
seq00000085_70	S-latissima_F_contig3978	1	7.5
seq00000085_70	S-latissima_F_contig4333	1	5.7
seq00000085_70	S-latissima_F_contig4352	1	5.6
seq00000085_70	S-latissima_F_contig4346	1	5.1
seq00000085_70	S-latissima_F_contig4482	1	5
seq00000086_01	SL_09	53	3627.3
seq00000086_01	S-latissima_F_contig1533	2	82.3
seq00000086_01	S-latissima_F_contig1912	1	69.4
seq00000086_01	S-latissima_F_contig1943	2	67
seq00000086_01	S-latissima_F_contig1725	2	66.1
seq00000086_01	S-latissima_F_contig2116	1	63.5
seq00000086_01	S-latissima_F_contig2094	2	53.6
seq00000086_01	S-latissima_F_contig2285	2	48.5
seq00000086_01	S-latissima_F_contig2174	2	42.8
seq00000086_01	S-latissima_F_contig2078	3	41.2
seq00000086_01	S-latissima_F_contig2424	1	40.4
seq00000086_01	S-latissima_F_contig2646	1	40.2
seq00000086_01	S-latissima_F_contig1508	2	38.1
seq00000086_01	S-latissima_F_contig2676	2	34.5
seq00000086_01	S-latissima_F_contig1331	4	34
seq00000086_01	S-latissima_F_contig2414	1	32.8
seq00000086_01	S-latissima_F_contig2860	1	32.8
seq00000086_01	S-latissima_F_contig2916	1	30.6
seq00000086_01	S-latissima_F_contig2749	1	28.7
seq00000086_01	S-latissima_F_contig3018	1	28
seq00000086_01	S-latissima_F_contig3032	1	27.9
seq00000086_01	S-latissima_F_contig3123	2	25.7
seq00000086_01	S-latissima_F_contig2011	1	24.2
seq00000086_01	S-latissima_F_contig2572	2	23.8
seq00000086_01	S-latissima_F_contig3220	1	23.3
seq00000086_01	S-latissima_F_contig3100	1	23.1
seq00000086_01	S-latissima_F_contig3150	1	22.8
seq00000086_01	S-latissima_F_contig2300	1	18.9
seq00000086_01	S-latissima_F_contig2938	1	18
seq00000086_01	S-latissima_F_contig3643	1	15.2
seq00000086_01	S-latissima_F_contig2988	2	14.6
seq00000086_01	S-latissima_F_contig3573	1	13
seq00000086_01	S-latissima_F_contig2919	1	11.7
seq00000086_01	S-latissima_F_contig3857	1	11.5
seq00000086_01	S-latissima_F_contig3312	1	11.2
seq00000086_01	S-latissima_F_contig3840	1	11
seq00000086_01	S-latissima_F_contig3846	1	11
seq00000086_01	S-latissima_F_contig3808	1	10.3
seq00000086_01	S-latissima_F_contig3907	1	10.1
seq00000086_01	S-latissima_F_contig3897	1	8.7
seq00000086_01	S-latissima_F_contig4186	1	7.5
seq00000086_01	S-latissima_F_contig2828	1	7.2
seq00000086_01	S-latissima_F_contig4334	1	6
seq00000086_01	S-latissima_F_contig4196	1	5.8
seq00000087_88_67	SL_14	97	6464.6
seq00000087_88_67	S-latissima_F_contig1491	1	102.7
seq00000087_88_67	S-latissima_F_contig1749	2	82.1
seq00000087_88_67	S-latissima_F_contig1882	1	72.8
seq00000087_88_67	S-latissima_F_contig2016	1	58.9
seq00000087_88_67	S-latissima_F_contig1834	3	47.4
seq00000087_88_67	S-latissima_F_contig1284	1	46.3
seq00000087_88_67	S-latissima_F_contig1996	3	44
seq00000087_88_67	S-latissima_F_contig2549	1	42.9
seq00000087_88_67	S-latissima_F_contig2481	2	34
seq00000087_88_67	S-latissima_F_contig2540	1	31.1
seq00000087_88_67	S-latissima_F_contig2308	1	30
seq00000087_88_67	S-latissima_F_contig2419	1	29.6
seq00000087_88_67	S-latissima_F_contig2643	1	28.4
seq00000087_88_67	S-latissima_F_contig2685	1	27.5
seq00000087_88_67	S-latissima_F_contig2761	2	27.5
seq00000087_88_67	S-latissima_F_contig3117	1	26.3
seq00000087_88_67	S-latissima_F_contig3076	1	25.3
seq00000087_88_67	S-latissima_F_contig3212	1	23.6
seq00000087_88_67	S-latissima_F_contig3160	1	22.9
seq00000087_88_67	S-latissima_F_contig2552	1	22
seq00000087_88_67	S-latissima_F_contig3019	1	21.1
seq00000087_88_67	S-latissima_F_contig2645	1	20.5
seq00000087_88_67	S-latissima_F_contig3107	1	19.5
seq00000087_88_67	S-latissima_F_contig3122	1	18.3
seq00000087_88_67	S-latissima_F_contig2161	1	18.1
seq00000087_88_67	S-latissima_F_contig3492	1	17.9
seq00000087_88_67	S-latissima_F_contig3501	1	16.8
seq00000087_88_67	S-latissima_F_contig3406	1	15.2
seq00000087_88_67	S-latissima_F_contig3112	1	15.1
seq00000087_88_67	S-latissima_F_contig3608	1	14.4
seq00000087_88_67	S-latissima_F_contig3698	1	14.3
seq00000087_88_67	S-latissima_F_contig3237	1	13.4
seq00000087_88_67	S-latissima_F_contig3710	1	11.8
seq00000087_88_67	S-latissima_F_contig3842	1	10.8
seq00000087_88_67	S-latissima_F_contig3377	1	10.6
seq00000087_88_67	S-latissima_F_contig3275	1	7.4
seq00000087_88_67	S-latissima_F_contig4249	1	6.7
seq00000087_88_67	S-latissima_F_contig4278	1	6.6
seq00000087_88_67	S-latissima_F_contig3425	1	6.3
seq00000087_88_67	S-latissima_F_contig3961	1	6.1
seq00000087_88_67	S-latissima_F_contig3435	1	5
seq00000092	SL_23	116	7519.1
seq00000092	S-latissima_F_contig748	5	167.9
seq00000092	S-latissima_F_contig961	3	150
seq00000092	S-latissima_F_contig1181	1	133.2
seq00000092	S-latissima_F_contig1477	2	101.3
seq00000092	S-latissima_F_contig1601	1	99.7
seq00000092	S-latissima_F_contig1043	5	93.9
seq00000092	S-latissima_F_contig1728	1	87.8
seq00000092	S-latissima_F_contig1147	2	87.1
seq00000092	S-latissima_F_contig1770	3	76.4
seq00000092	S-latissima_F_contig1979	1	72.4
seq00000092	S-latissima_F_contig2098	1	61.5
seq00000092	S-latissima_F_contig2067	2	59.8
seq00000092	S-latissima_F_contig1899	2	53.6
seq00000092	S-latissima_F_contig2250	1	50.3
seq00000092	S-latissima_F_contig2310	1	49.3
seq00000092	S-latissima_F_contig2214	2	48.8
seq00000092	S-latissima_F_contig2435	1	48.4
seq00000092	S-latissima_F_contig2415	1	47.1
seq00000092	S-latissima_F_contig2582	2	41.1
seq00000092	S-latissima_F_contig2409	1	40.4
seq00000092	S-latissima_F_contig2047	2	37.6
seq00000092	S-latissima_F_contig2741	1	37.2
seq00000092	S-latissima_F_contig2814	1	31.2
seq00000092	S-latissima_F_contig2929	1	31.1
seq00000092	S-latissima_F_contig2784	1	29.6
seq00000092	S-latissima_F_contig2577	1	26
seq00000092	S-latissima_F_contig3211	1	23.7
seq00000092	S-latissima_F_contig2662	2	22.5
seq00000092	S-latissima_F_contig3330	1	20.2
seq00000092	S-latissima_F_contig3172	1	19.7
seq00000092	S-latissima_F_contig2004	1	19.3
seq00000092	S-latissima_F_contig2974	1	16.4
seq00000092	S-latissima_F_contig2571	1	16
seq00000092	S-latissima_F_contig3213	1	15.6
seq00000092	S-latissima_F_contig3339	1	12.2
seq00000092	S-latissima_F_contig3255	1	11.5
seq00000092	S-latissima_F_contig3192	1	10.9
seq00000092	S-latissima_F_contig2819	1	10.5
seq00000092	S-latissima_F_contig3723	1	9.9
seq00000092	S-latissima_F_contig4032	1	8.9
seq00000092	S-latissima_F_contig2897	1	7.6
seq00000092	S-latissima_F_contig4103	1	7.3
seq00000092	S-latissima_F_contig3323	1	7.1
seq00000092	S-latissima_F_contig3944	1	6.1
seq00000103	SL_25	64	4485.1
seq00000103	S-latissima_F_contig529	5	218.5
seq00000103	S-latissima_F_contig446	3	190.1
seq00000103	S-latissima_F_contig724	3	184.7
seq00000103	S-latissima_F_contig917	2	168.3
seq00000103	S-latissima_F_contig1126	2	137.8
seq00000103	S-latissima_F_contig1053	4	125.4
seq00000103	S-latissima_F_contig1387	2	116.3
seq00000103	S-latissima_F_contig1582	2	84.3
seq00000103	S-latissima_F_contig1781	1	76.8
seq00000103	S-latissima_F_contig1515	3	65.6
seq00000103	S-latissima_F_contig2096	1	57
seq00000103	S-latissima_F_contig2039	4	52.9
seq00000103	S-latissima_F_contig1795	2	52.1
seq00000103	S-latissima_F_contig2421	1	49
seq00000103	S-latissima_F_contig2032	3	46.8
seq00000103	S-latissima_F_contig2387	1	46.6
seq00000103	S-latissima_F_contig2231	1	45.1
seq00000103	S-latissima_F_contig1988	1	43.4
seq00000103	S-latissima_F_contig2597	1	42.9
seq00000103	S-latissima_F_contig2457	1	40.7
seq00000103	S-latissima_F_contig1535	2	40.4
seq00000103	S-latissima_F_contig2714	1	38.9
seq00000103	S-latissima_F_contig2707	1	36.6
seq00000103	S-latissima_F_contig2252	1	31.1
seq00000103	S-latissima_F_contig2968	1	28.4
seq00000103	S-latissima_F_contig3011	1	25.7
seq00000103	S-latissima_F_contig1999	2	25.5
seq00000103	S-latissima_F_contig2278	1	25.2
seq00000103	S-latissima_F_contig3099	1	25.1
seq00000103	S-latissima_F_contig2989	1	25
seq00000103	S-latissima_F_contig2875	2	24.9
seq00000103	S-latissima_F_contig2908	1	23.7
seq00000103	S-latissima_F_contig3244	1	22.3
seq00000103	S-latissima_F_contig3282	1	22
seq00000103	S-latissima_F_contig2218	1	21.5
seq00000103	S-latissima_F_contig2871	1	19.8
seq00000103	S-latissima_F_contig3565	1	16
seq00000103	S-latissima_F_contig3689	1	14.2
seq00000103	S-latissima_F_contig3296	1	13.6
seq00000103	S-latissima_F_contig2747	1	13.3
seq00000103	S-latissima_F_contig3671	1	13
seq00000103	S-latissima_F_contig3092	1	12.8
seq00000103	S-latissima_F_contig3279	1	12.6
seq00000103	S-latissima_F_contig3914	1	10.8
seq00000103	S-latissima_F_contig3794	1	10.4
seq00000103	S-latissima_F_contig3923	1	9.7
seq00000103	S-latissima_F_contig3769	1	9.4
seq00000103	S-latissima_F_contig4066	1	8.9
seq00000103	S-latissima_F_contig3708	1	7.9
seq00000103	S-latissima_F_contig3139	1	6.9
seq00000103	S-latissima_F_contig3862	1	6.8
seq00000103	S-latissima_F_contig3844	1	6.6
seq00000103	S-latissima_F_contig4306	1	6.4
seq00000103	S-latissima_F_contig3374	1	6.2
seq00000103	S-latissima_F_contig4357	1	5.4
seq00000103	S-latissima_F_contig4312	1	4.6
seq00000114_90	SL_11	139	8244
seq00000114_90	S-latissima_F_contig723	3	208.3
seq00000114_90	S-latissima_F_contig1051	2	156.9
seq00000114_90	S-latissima_F_contig1209	3	121.5
seq00000114_90	S-latissima_F_contig1513	1	96.7
seq00000114_90	S-latissima_F_contig1797	2	80.1
seq00000114_90	S-latissima_F_contig1757	2	79.4
seq00000114_90	S-latissima_F_contig1805	3	77.3
seq00000114_90	S-latissima_F_contig1486	1	76
seq00000114_90	S-latissima_F_contig1932	2	71.6
seq00000114_90	S-latissima_F_contig2014	1	70.9
seq00000114_90	S-latissima_F_contig1175	1	66.9
seq00000114_90	S-latissima_F_contig2085	2	65.7
seq00000114_90	S-latissima_F_contig2035	1	63.3
seq00000114_90	S-latissima_F_contig2121	1	61.5
seq00000114_90	S-latissima_F_contig1680	3	53.5
seq00000114_90	S-latissima_F_contig2178	1	49.2
seq00000114_90	S-latissima_F_contig2376	1	46.2
seq00000114_90	S-latissima_F_contig2411	3	46.1
seq00000114_90	S-latissima_F_contig2325	1	43.5
seq00000114_90	S-latissima_F_contig2210	3	43.4
seq00000114_90	S-latissima_F_contig2601	1	39.5
seq00000114_90	S-latissima_F_contig1929	2	37.3
seq00000114_90	S-latissima_F_contig2697	1	35.6
seq00000114_90	S-latissima_F_contig2798	1	34.4
seq00000114_90	S-latissima_F_contig2542	1	31.3
seq00000114_90	S-latissima_F_contig3075	1	26.4
seq00000114_90	S-latissima_F_contig2692	1	26.3
seq00000114_90	S-latissima_F_contig3027	1	26.2
seq00000114_90	S-latissima_F_contig3088	1	26.1
seq00000114_90	S-latissima_F_contig2722	1	24
seq00000114_90	S-latissima_F_contig3014	1	23
seq00000114_90	S-latissima_F_contig2835	1	22.8
seq00000114_90	S-latissima_F_contig3457	2	18.8
seq00000114_90	S-latissima_F_contig2655	1	18.3
seq00000114_90	S-latissima_F_contig3404	1	18.3
seq00000114_90	S-latissima_F_contig3110	1	17.7
seq00000114_90	S-latissima_F_contig3452	1	17.1
seq00000114_90	S-latissima_F_contig3062	1	15.8
seq00000114_90	S-latissima_F_contig3599	1	15.8
seq00000114_90	S-latissima_F_contig3622	1	15.8
seq00000114_90	S-latissima_F_contig3549	1	15.7
seq00000114_90	S-latissima_F_contig2396	2	15.4
seq00000114_90	S-latissima_F_contig3646	1	14.8
seq00000114_90	S-latissima_F_contig3868	1	10.5
seq00000114_90	S-latissima_F_contig3966	1	10.1
seq00000114_90	S-latissima_F_contig3480	1	9.8
seq00000114_90	S-latissima_F_contig3779	1	9.7
seq00000114_90	S-latissima_F_contig3221	1	9.4
seq00000114_90	S-latissima_F_contig3650	1	9.3
seq00000114_90	S-latissima_F_contig3941	1	8.3
seq00000114_90	S-latissima_F_contig3882	1	7.9
seq00000114_90	S-latissima_F_contig3811	1	7.4
seq00000114_90	S-latissima_F_contig3943	1	7
seq00000114_90	S-latissima_F_contig3697	1	6.6
seq00000114_90	S-latissima_F_contig4262	1	6.6
seq00000114_90	S-latissima_F_contig4188	1	6.4
seq00000114_90	S-latissima_F_contig3407	1	6.3
seq00000114_90	S-latissima_F_contig4130	1	5.6
seq00000114_90	S-latissima_F_contig4354	1	5.5
seq00000114_90	S-latissima_F_contig4197	1	5.4
seq00000114_90	S-latissima_F_contig4014	1	5.3
seq00000114_90	S-latissima_F_contig4466	1	5.3
seq00000114_90	S-latissima_F_contig4471	1	5
seq00000125	SL_06	82	4740.7
seq00000125	S-latissima_F_contig708	4	196.2
seq00000125	S-latissima_F_contig1129	2	119.5
seq00000125	S-latissima_F_contig1370	4	79
seq00000125	S-latissima_F_contig1809	3	73.2
seq00000125	S-latissima_F_contig1778	1	69.9
seq00000125	S-latissima_F_contig2312	1	50.6
seq00000125	S-latissima_F_contig2280	2	49.2
seq00000125	S-latissima_F_contig1937	3	48.6
seq00000125	S-latissima_F_contig2378	1	46.1
seq00000125	S-latissima_F_contig2327	1	44.8
seq00000125	S-latissima_F_contig2633	3	38.7
seq00000125	S-latissima_F_contig1711	1	33.9
seq00000125	S-latissima_F_contig2903	1	30.5
seq00000125	S-latissima_F_contig3128	1	23.3
seq00000125	S-latissima_F_contig2486	1	22.9
seq00000125	S-latissima_F_contig2715	2	21.9
seq00000125	S-latissima_F_contig2900	1	20.4
seq00000125	S-latissima_F_contig3301	1	19.9
seq00000125	S-latissima_F_contig3074	1	19.4
seq00000125	S-latissima_F_contig3451	1	18.9
seq00000125	S-latissima_F_contig2197	1	17.8
seq00000125	S-latissima_F_contig2369	1	15.5
seq00000125	S-latissima_F_contig3481	1	15.5
seq00000125	S-latissima_F_contig2274	1	15.3
seq00000125	S-latissima_F_contig2592	2	15
seq00000125	S-latissima_F_contig3792	1	13
seq00000125	S-latissima_F_contig3477	1	12.3
seq00000125	S-latissima_F_contig3289	1	11.2
seq00000125	S-latissima_F_contig2850	1	11
seq00000125	S-latissima_F_contig2862	1	9.8
seq00000125	S-latissima_F_contig3962	1	8.7
seq00000125	S-latissima_F_contig4356	1	6
seq00000125	S-latissima_F_contig3704	1	5.8
seq00000125	S-latissima_F_contig3869	1	5.1
seq00000136	SL_12	74	4773.4
seq00000136	S-latissima_F_contig808	2	120.3
seq00000136	S-latissima_F_contig836	3	118.3
seq00000136	S-latissima_F_contig1163	2	111.2
seq00000136	S-latissima_F_contig1484	1	110.7
seq00000136	S-latissima_F_contig1439	2	107
seq00000136	S-latissima_F_contig1261	2	103.9
seq00000136	S-latissima_F_contig1746	3	84.3
seq00000136	S-latissima_F_contig1659	2	79.3
seq00000136	S-latissima_F_contig1817	1	76.2
seq00000136	S-latissima_F_contig1624	2	65.8
seq00000136	S-latissima_F_contig2140	2	64
seq00000136	S-latissima_F_contig1866	2	52.8
seq00000136	S-latissima_F_contig2383	1	50.1
seq00000136	S-latissima_F_contig2219	1	49.8
seq00000136	S-latissima_F_contig2304	1	45.3
seq00000136	S-latissima_F_contig2546	2	45.1
seq00000136	S-latissima_F_contig2452	1	44.4
seq00000136	S-latissima_F_contig1981	2	41
seq00000136	S-latissima_F_contig2525	1	39.8
seq00000136	S-latissima_F_contig2235	1	37.3
seq00000136	S-latissima_F_contig2309	1	34.3
seq00000136	S-latissima_F_contig2427	1	32.9
seq00000136	S-latissima_F_contig2899	1	32
seq00000136	S-latissima_F_contig2170	1	24.9
seq00000136	S-latissima_F_contig2400	1	20.6
seq00000136	S-latissima_F_contig3342	1	20.4
seq00000136	S-latissima_F_contig3243	1	19.7
seq00000136	S-latissima_F_contig3467	1	17.8
seq00000136	S-latissima_F_contig2831	2	16.2
seq00000136	S-latissima_F_contig3546	1	15.3
seq00000136	S-latissima_F_contig3495	1	15.2
seq00000136	S-latissima_F_contig3227	2	12.6
seq00000136	S-latissima_F_contig3214	2	12
seq00000136	S-latissima_F_contig3327	1	10.9
seq00000136	S-latissima_F_contig4080	1	8.6
seq00000136	S-latissima_F_contig3970	1	8.5
seq00000136	S-latissima_F_contig3094	1	8.3
seq00000136	S-latissima_F_contig3432	1	8.2
seq00000136	S-latissima_F_contig3084	1	7.7
seq00000136	S-latissima_F_contig3234	1	6.2
seq00000136	S-latissima_F_contig4384	1	5.8
seq00000136	S-latissima_F_contig4137	1	5.7
seq00000136	S-latissima_F_contig3865	1	4.7
